scale,delta_target
0.3,0.012512530898675323
0.6,0.027249433984979986
1.0,0.07329059306357522
