scale,delta_target
0.3,0.017557802016381175
0.6,0.042073700298715266
1.0,0.07582508290834085
