scale,delta_target
0.3,-0.040050487220287326
0.6,-0.16433312743902206
1.0,-0.8576986961066723
