scale,delta_target
0.3,-0.006927423225715756
0.6,-0.02329115248285234
1.0,-0.04031999590806663
