scale,delta_target
0.3,0.00368043715134263
0.6,0.006558050308376551
1.0,0.009606228861957788
